epoch,train,val,rg,ree,nu,delta,a0
1,1.081518828868866,0.7118779420852661,0.0017042317923895434,0.036797127950458974,-0.009004431448371486,-0.040522898020454834,0.0837820613741086
2,0.921071728070577,0.7678982019424438,-0.06217945154675797,-0.1552144048950046,0.004108307915260179,-0.203343605398695,0.06131290396240663
3,0.8965726296106974,0.7274461984634399,-0.044951519647725036,0.038541880919318205,-0.02873528366781475,-0.09166793350368918,0.08692159134034194
4,0.8708440462748209,0.6971272826194763,0.007547245953388182,0.14676919982985825,-0.007826117791370546,-0.06177951508340107,0.10221436979291443
5,0.9038044611612955,0.7262327075004578,-0.04093078499511549,0.009249524337538784,-0.006760484115459375,-0.06480559568593636,0.06651590939670882
6,0.8855593800544739,0.7253164052963257,0.010890926307063786,0.10177774728647493,-0.005011321503980426,-0.23650813230745715,0.10912954709520228
7,0.8813845117886862,0.7049458622932434,0.0017307480774471085,0.12837439022888641,0.00967264262389711,-0.15332077575595893,0.13338964215447713
8,0.8608466386795044,0.7017908692359924,-0.0025966632597789197,0.07935685082756949,0.004549480466919831,-0.06879788012264254,0.12662330339467565
9,0.8659327427546183,0.6976168751716614,0.050465438111639394,0.13905168064318518,-0.005116552436041033,-0.09089754503347947,0.09541325896635999
10,0.8464556137720743,0.7203692197799683,-0.04988463096578544,0.057578835583678045,-0.0059986877069933,-0.10793202187498196,0.10909594976043424
11,0.8450896739959717,0.7158623933792114,-0.016208794328743448,0.08557563891880315,0.00819940957504961,-0.16049925684848332,0.12025660845613562
12,0.8539421558380127,0.7091827988624573,-0.003815793916799759,0.10160968387025171,0.020985544859414618,-0.14812062040424645,0.11494094622448203
13,0.8595545490582784,0.7058461904525757,-0.04460642140720883,0.05733031079472961,0.027951559779745394,-0.09436077630283157,0.14693988191725438
14,0.8490787545839945,0.6884621381759644,-0.004030243405866107,0.11754479004316154,0.033289065699633635,-0.0710032083575618,0.15115934299720246
15,0.8501458764076233,0.6851792335510254,0.0032982238670320463,0.13188517094859742,0.04863358211889035,-0.08552526326559806,0.1505476600526673
16,0.8099697033564249,0.6958991885185242,-0.04865197159189849,0.07899466422756152,0.08196073239176305,-0.12489695805181777,0.16207971026539347
17,0.8394491871198019,0.6767615079879761,-0.012379858227818508,0.07767857235054088,0.1410602283953194,-0.12266143802069274,0.1882347654895038
18,0.8023460706075033,0.6901429891586304,-0.075606973610715,0.10540859433639183,0.1430896221329535,-0.19994195212248278,0.19580591313215745
19,0.800907552242279,0.6340545415878296,-0.003069936429232367,0.12368193891906831,0.2834859933757382,-0.1057009476687929,0.23957695551876956
20,0.8082775473594666,0.6567074060440063,-0.06621912640298011,0.03448413954146523,0.27518093320526915,-0.12339480006830317,0.24068149726756782
21,0.7647395332654318,0.663512647151947,0.0013071832791073934,0.054828941184634106,0.23770114793097852,-0.1879139386478057,0.22925899081243317
22,0.7731882532437643,0.6338319182395935,-0.006144897812470296,0.02863438426036158,0.32937675170775116,-0.12409578058503823,0.2840555977164836
23,0.7586906552314758,0.6248432397842407,0.006514656975212696,0.05057023041287423,0.33193896228334085,-0.12296282513797885,0.309807778606374
24,0.7851671576499939,0.6291226148605347,-0.039985552874418406,0.01669724395327099,0.3499479300990178,-0.12559926568047386,0.32731880346602527
25,0.7498740156491598,0.6306356191635132,-0.01489426689107809,0.047356634104592565,0.3154776655487119,-0.13989743680741706,0.32549297627850093
26,0.7569431066513062,0.605363130569458,0.09666979425014699,0.1328663138357734,0.2530060060328685,-0.07575665783662577,0.3452183709296809
27,0.734688957532247,0.7849140167236328,-0.331229604973458,-0.4000791215740642,0.16512600748502926,-0.38963999368318425,0.3383044270959772
28,0.7729103167851766,0.5718926787376404,0.10990049281044045,0.15378141214362961,0.3829793216505758,-0.07200205914499214,0.3809221763564178
29,0.7453650633494059,0.5837270617485046,0.06972159524324029,0.14363047014194397,0.39219521166818694,-0.10808072476574337,0.36645635048461267
30,0.7268785039583842,0.6698706150054932,-0.1446005692706247,-0.0665860188001377,0.36487954887807095,-0.23896740340848255,0.29964634693702497
31,0.7295742432276408,0.6004428863525391,0.038960694595648215,0.13913376154948787,0.37153926100064416,-0.10327007676287936,0.3067591728957715
32,0.7107913692792257,0.626931369304657,-0.026843834617627182,0.05443804467121094,0.3841136229685943,-0.15961460404186534,0.2929092590036473
33,0.709248681863149,0.6456373929977417,-0.036282085959057575,0.030100209378117193,0.34743660387243047,-0.1738537186883189,0.25507977605024146
34,0.7088854312896729,0.5843889713287354,0.08681965146035842,0.15052879979916822,0.3843659988480276,-0.05353529676262214,0.3042663916238225
35,0.6663851936658224,0.6639457941055298,-0.09716471336253307,-0.032007136546331916,0.35468253517036585,-0.19434857350854284,0.2453407192660617
36,0.683407704035441,0.6065950989723206,0.0406721159326886,0.11297292036968754,0.3574782367123571,-0.06332911731809565,0.2678830624804226
37,0.6621471842130026,0.6460781693458557,0.010984776948637864,0.06762075352954833,0.27326185883459586,-0.14364267936000696,0.24275730742147805
38,0.6636879245440165,0.6271842122077942,-0.004421648511541143,0.06675606982961069,0.33049814833519786,-0.09186129371059604,0.2645074701218244
39,0.6540313959121704,0.6514751315116882,-0.11271980009433236,0.0051273696924079015,0.3408527986086267,-0.1550298304879758,0.2869376264316278
40,0.6296727259953817,0.6000038981437683,0.0691874041944125,0.16381221419994674,0.3120439686947962,-0.01948777593714346,0.25932801806381944
41,0.641484280427297,0.7130192518234253,-0.18588503358012387,-0.04165042838670563,0.2552081967247436,-0.2838552388948332,0.20125402639510814
42,0.6398276090621948,0.63535076379776,-0.014282459660915459,0.11474837086135237,0.2823450298800668,-0.08497842679850098,0.2299759297428151
43,0.6031913558642069,0.6344908475875854,-0.0026315286958167317,0.14397013050219531,0.27633595546953094,-0.09272696881674203,0.21682374791311976
44,0.6147512992223104,0.6636438965797424,-0.04668134003970348,0.045114978788161286,0.28485394303443345,-0.12106797473700537,0.16067502449445425
45,0.6110265254974365,0.7077220678329468,-0.19163690284292167,-0.07707235148264369,0.27212771489085263,-0.2506470500038662,0.21898807412209187
