model,seed,temperature_K,n,target,r2
KESTREL,42,278,1025,rg,0.9374035000801086
KESTREL,42,278,1025,ree,0.911294162273407
KESTREL,42,278,1025,nu,0.8799749612808228
KESTREL,42,278,1025,delta,0.8566282391548157
KESTREL,42,278,1025,a0,0.804206132888794
KESTREL,42,278,1025,global_efficiency,0.9780441522598267
KESTREL,42,278,1025,fragmentation_index,0.46338748931884766
KESTREL,42,278,1025,avg_clustering,0.8664088845252991
KESTREL,42,278,1025,transitivity,0.8433032035827637
KESTREL,42,278,1025,degree_assortativity,0.851958692073822
KESTREL,42,288,1025,rg,0.9388543963432312
KESTREL,42,288,1025,ree,0.9196869730949402
KESTREL,42,288,1025,nu,0.8971858024597168
KESTREL,42,288,1025,delta,0.8634841442108154
KESTREL,42,288,1025,a0,0.8086814284324646
KESTREL,42,288,1025,global_efficiency,0.9772263765335083
KESTREL,42,288,1025,fragmentation_index,0.371044397354126
KESTREL,42,288,1025,avg_clustering,0.8643604516983032
KESTREL,42,288,1025,transitivity,0.8486523628234863
KESTREL,42,288,1025,degree_assortativity,0.8519577980041504
KESTREL,42,300,1025,rg,0.3677796721458435
KESTREL,42,300,1025,ree,0.35819119215011597
KESTREL,42,300,1025,nu,0.5792398452758789
KESTREL,42,300,1025,delta,0.5342310667037964
KESTREL,42,300,1025,a0,0.5491995811462402
KESTREL,42,300,1025,global_efficiency,0.41403841972351074
KESTREL,42,300,1025,fragmentation_index,0.36987411975860596
KESTREL,42,300,1025,avg_clustering,0.489254891872406
KESTREL,42,300,1025,transitivity,0.5003845691680908
KESTREL,42,300,1025,degree_assortativity,0.3972069025039673
KESTREL,42,310,1025,rg,0.9379714727401733
KESTREL,42,310,1025,ree,0.9217678904533386
KESTREL,42,310,1025,nu,0.8855673670768738
KESTREL,42,310,1025,delta,0.8499455451965332
KESTREL,42,310,1025,a0,0.7863534688949585
KESTREL,42,310,1025,global_efficiency,0.9762299060821533
KESTREL,42,310,1025,fragmentation_index,0.44411420822143555
KESTREL,42,310,1025,avg_clustering,0.8372940421104431
KESTREL,42,310,1025,transitivity,0.825980544090271
KESTREL,42,310,1025,degree_assortativity,0.8534124493598938
KESTREL,42,320,1025,rg,0.813202440738678
KESTREL,42,320,1025,ree,0.8100910782814026
KESTREL,42,320,1025,nu,0.8645905256271362
KESTREL,42,320,1025,delta,0.8386448621749878
KESTREL,42,320,1025,a0,0.7637611627578735
KESTREL,42,320,1025,global_efficiency,0.9035097360610962
KESTREL,42,320,1025,fragmentation_index,0.4012189507484436
KESTREL,42,320,1025,avg_clustering,0.8071249723434448
KESTREL,42,320,1025,transitivity,0.7901601791381836
KESTREL,42,320,1025,degree_assortativity,0.8029395341873169
KESTREL,67,278,1025,rg,0.9484215974807739
KESTREL,67,278,1025,ree,0.9213323593139648
KESTREL,67,278,1025,nu,0.88408362865448
KESTREL,67,278,1025,delta,0.8656927347183228
KESTREL,67,278,1025,a0,0.8050567507743835
KESTREL,67,278,1025,global_efficiency,0.9800543785095215
KESTREL,67,278,1025,fragmentation_index,0.43885910511016846
KESTREL,67,278,1025,avg_clustering,0.8570609092712402
KESTREL,67,278,1025,transitivity,0.8377532958984375
KESTREL,67,278,1025,degree_assortativity,0.8494714498519897
KESTREL,67,288,1025,rg,0.9493786096572876
KESTREL,67,288,1025,ree,0.928629994392395
KESTREL,67,288,1025,nu,0.8929873108863831
KESTREL,67,288,1025,delta,0.8660325407981873
KESTREL,67,288,1025,a0,0.7987037301063538
KESTREL,67,288,1025,global_efficiency,0.9797778725624084
KESTREL,67,288,1025,fragmentation_index,0.2755861282348633
KESTREL,67,288,1025,avg_clustering,0.862328290939331
KESTREL,67,288,1025,transitivity,0.8474706411361694
KESTREL,67,288,1025,degree_assortativity,0.8494968414306641
KESTREL,67,300,1025,rg,0.3626735806465149
KESTREL,67,300,1025,ree,0.3490835428237915
KESTREL,67,300,1025,nu,0.5581966042518616
KESTREL,67,300,1025,delta,0.51777184009552
KESTREL,67,300,1025,a0,0.534275233745575
KESTREL,67,300,1025,global_efficiency,0.43169599771499634
KESTREL,67,300,1025,fragmentation_index,0.30548202991485596
KESTREL,67,300,1025,avg_clustering,0.48325449228286743
KESTREL,67,300,1025,transitivity,0.49022233486175537
KESTREL,67,300,1025,degree_assortativity,0.389728844165802
KESTREL,67,310,1025,rg,0.9418830275535583
KESTREL,67,310,1025,ree,0.9216260313987732
KESTREL,67,310,1025,nu,0.8754526376724243
KESTREL,67,310,1025,delta,0.8418647050857544
KESTREL,67,310,1025,a0,0.7834780812263489
KESTREL,67,310,1025,global_efficiency,0.9788302779197693
KESTREL,67,310,1025,fragmentation_index,0.4385337829589844
KESTREL,67,310,1025,avg_clustering,0.8443087339401245
KESTREL,67,310,1025,transitivity,0.8341863751411438
KESTREL,67,310,1025,degree_assortativity,0.8526760339736938
KESTREL,67,320,1025,rg,0.7969258427619934
KESTREL,67,320,1025,ree,0.7901204824447632
KESTREL,67,320,1025,nu,0.8505252003669739
KESTREL,67,320,1025,delta,0.8263270258903503
KESTREL,67,320,1025,a0,0.7545117139816284
KESTREL,67,320,1025,global_efficiency,0.9064995050430298
KESTREL,67,320,1025,fragmentation_index,0.4319073557853699
KESTREL,67,320,1025,avg_clustering,0.8154588341712952
KESTREL,67,320,1025,transitivity,0.7981517314910889
KESTREL,67,320,1025,degree_assortativity,0.8033108711242676
KESTREL,93,278,1025,rg,0.9424862265586853
KESTREL,93,278,1025,ree,0.9205697774887085
KESTREL,93,278,1025,nu,0.8342587351799011
KESTREL,93,278,1025,delta,0.8282396793365479
KESTREL,93,278,1025,a0,0.6929504871368408
KESTREL,93,278,1025,global_efficiency,0.9792513847351074
KESTREL,93,278,1025,fragmentation_index,0.42584383487701416
KESTREL,93,278,1025,avg_clustering,0.8645743131637573
KESTREL,93,278,1025,transitivity,0.8453551530838013
KESTREL,93,278,1025,degree_assortativity,0.8338006138801575
KESTREL,93,288,1025,rg,0.942043125629425
KESTREL,93,288,1025,ree,0.9277240633964539
KESTREL,93,288,1025,nu,0.8612266778945923
KESTREL,93,288,1025,delta,0.8400719165802002
KESTREL,93,288,1025,a0,0.705254077911377
KESTREL,93,288,1025,global_efficiency,0.9786177277565002
KESTREL,93,288,1025,fragmentation_index,0.3900414705276489
KESTREL,93,288,1025,avg_clustering,0.8662589192390442
KESTREL,93,288,1025,transitivity,0.8524741530418396
KESTREL,93,288,1025,degree_assortativity,0.8323654532432556
KESTREL,93,300,1025,rg,0.37817883491516113
KESTREL,93,300,1025,ree,0.36849111318588257
KESTREL,93,300,1025,nu,0.5563172101974487
KESTREL,93,300,1025,delta,0.5187450647354126
KESTREL,93,300,1025,a0,0.48596155643463135
KESTREL,93,300,1025,global_efficiency,0.4396473169326782
KESTREL,93,300,1025,fragmentation_index,0.35740554332733154
KESTREL,93,300,1025,avg_clustering,0.5009756684303284
KESTREL,93,300,1025,transitivity,0.49611347913742065
KESTREL,93,300,1025,degree_assortativity,0.3835958242416382
KESTREL,93,310,1025,rg,0.9349433183670044
KESTREL,93,310,1025,ree,0.9228107929229736
KESTREL,93,310,1025,nu,0.862363874912262
KESTREL,93,310,1025,delta,0.8358500599861145
KESTREL,93,310,1025,a0,0.7035637497901917
KESTREL,93,310,1025,global_efficiency,0.9749132990837097
KESTREL,93,310,1025,fragmentation_index,0.43490952253341675
KESTREL,93,310,1025,avg_clustering,0.8363628387451172
KESTREL,93,310,1025,transitivity,0.8338297605514526
KESTREL,93,310,1025,degree_assortativity,0.8374603390693665
KESTREL,93,320,1025,rg,0.8151501417160034
KESTREL,93,320,1025,ree,0.8167328834533691
KESTREL,93,320,1025,nu,0.8451082706451416
KESTREL,93,320,1025,delta,0.824161171913147
KESTREL,93,320,1025,a0,0.6716650724411011
KESTREL,93,320,1025,global_efficiency,0.9046185612678528
KESTREL,93,320,1025,fragmentation_index,0.4165213704109192
KESTREL,93,320,1025,avg_clustering,0.8128727078437805
KESTREL,93,320,1025,transitivity,0.8039014935493469
KESTREL,93,320,1025,degree_assortativity,0.7930550575256348
IDP-ESM2-8M,42,278,1025,rg,0.8915161490440369
IDP-ESM2-8M,42,278,1025,ree,0.8678140640258789
IDP-ESM2-8M,42,278,1025,nu,0.7234063148498535
IDP-ESM2-8M,42,278,1025,delta,0.7554960250854492
IDP-ESM2-8M,42,278,1025,a0,0.4829026460647583
IDP-ESM2-8M,42,288,1025,rg,0.8920066952705383
IDP-ESM2-8M,42,288,1025,ree,0.8714561462402344
IDP-ESM2-8M,42,288,1025,nu,0.7390661239624023
IDP-ESM2-8M,42,288,1025,delta,0.7606170177459717
IDP-ESM2-8M,42,288,1025,a0,0.48354947566986084
IDP-ESM2-8M,42,300,1025,rg,0.425534725189209
IDP-ESM2-8M,42,300,1025,ree,0.41841185092926025
IDP-ESM2-8M,42,300,1025,nu,0.4813457727432251
IDP-ESM2-8M,42,300,1025,delta,0.47734534740448
IDP-ESM2-8M,42,300,1025,a0,0.3448927402496338
IDP-ESM2-8M,42,310,1025,rg,0.8869065642356873
IDP-ESM2-8M,42,310,1025,ree,0.8725123405456543
IDP-ESM2-8M,42,310,1025,nu,0.7384099364280701
IDP-ESM2-8M,42,310,1025,delta,0.7567959427833557
IDP-ESM2-8M,42,310,1025,a0,0.48665744066238403
IDP-ESM2-8M,42,320,1025,rg,0.7950913906097412
IDP-ESM2-8M,42,320,1025,ree,0.7831062078475952
IDP-ESM2-8M,42,320,1025,nu,0.7140297293663025
IDP-ESM2-8M,42,320,1025,delta,0.7427064180374146
IDP-ESM2-8M,42,320,1025,a0,0.46306341886520386
IDP-ESM2-8M,67,278,1025,rg,0.8965979218482971
IDP-ESM2-8M,67,278,1025,ree,0.8746631145477295
IDP-ESM2-8M,67,278,1025,nu,0.7663077712059021
IDP-ESM2-8M,67,278,1025,delta,0.7757481336593628
IDP-ESM2-8M,67,278,1025,a0,0.5706453323364258
IDP-ESM2-8M,67,288,1025,rg,0.9007622599601746
IDP-ESM2-8M,67,288,1025,ree,0.8845112323760986
IDP-ESM2-8M,67,288,1025,nu,0.7837648391723633
IDP-ESM2-8M,67,288,1025,delta,0.7803139090538025
IDP-ESM2-8M,67,288,1025,a0,0.5749342441558838
IDP-ESM2-8M,67,300,1025,rg,0.4143943190574646
IDP-ESM2-8M,67,300,1025,ree,0.40722042322158813
IDP-ESM2-8M,67,300,1025,nu,0.5345642566680908
IDP-ESM2-8M,67,300,1025,delta,0.5018507242202759
IDP-ESM2-8M,67,300,1025,a0,0.42267733812332153
IDP-ESM2-8M,67,310,1025,rg,0.8968951106071472
IDP-ESM2-8M,67,310,1025,ree,0.8831189274787903
IDP-ESM2-8M,67,310,1025,nu,0.771856427192688
IDP-ESM2-8M,67,310,1025,delta,0.7618516087532043
IDP-ESM2-8M,67,310,1025,a0,0.5754863023757935
IDP-ESM2-8M,67,320,1025,rg,0.802476167678833
IDP-ESM2-8M,67,320,1025,ree,0.7905764579772949
IDP-ESM2-8M,67,320,1025,nu,0.7415722608566284
IDP-ESM2-8M,67,320,1025,delta,0.7462764978408813
IDP-ESM2-8M,67,320,1025,a0,0.542827308177948
IDP-ESM2-8M,93,278,1025,rg,0.8887249827384949
IDP-ESM2-8M,93,278,1025,ree,0.8636685609817505
IDP-ESM2-8M,93,278,1025,nu,0.6958078145980835
IDP-ESM2-8M,93,278,1025,delta,0.7436965107917786
IDP-ESM2-8M,93,278,1025,a0,0.4649949073791504
IDP-ESM2-8M,93,288,1025,rg,0.8911752104759216
IDP-ESM2-8M,93,288,1025,ree,0.872104823589325
IDP-ESM2-8M,93,288,1025,nu,0.7182714939117432
IDP-ESM2-8M,93,288,1025,delta,0.7498364448547363
IDP-ESM2-8M,93,288,1025,a0,0.47096705436706543
IDP-ESM2-8M,93,300,1025,rg,0.41338926553726196
IDP-ESM2-8M,93,300,1025,ree,0.4027327299118042
IDP-ESM2-8M,93,300,1025,nu,0.4737933874130249
IDP-ESM2-8M,93,300,1025,delta,0.4757581353187561
IDP-ESM2-8M,93,300,1025,a0,0.3304983377456665
IDP-ESM2-8M,93,310,1025,rg,0.8879168033599854
IDP-ESM2-8M,93,310,1025,ree,0.8749837875366211
IDP-ESM2-8M,93,310,1025,nu,0.726852536201477
IDP-ESM2-8M,93,310,1025,delta,0.7432115077972412
IDP-ESM2-8M,93,310,1025,a0,0.47919762134552
IDP-ESM2-8M,93,320,1025,rg,0.795468807220459
IDP-ESM2-8M,93,320,1025,ree,0.7852067351341248
IDP-ESM2-8M,93,320,1025,nu,0.7039517164230347
IDP-ESM2-8M,93,320,1025,delta,0.7271537780761719
IDP-ESM2-8M,93,320,1025,a0,0.4570155739784241
